epoch,loss,loss_val,train_acc,val_acc,train_roc,val_roc,lr
0.0,0.0077088243368224766,0.01887113917484843,0.9815027134449286,0.9161814281336194,0.5008029058741282,0.7852251331432567,0.001
1.0,0.0071901784933943716,0.06542295441114941,0.9819995413895896,0.8950352436408213,0.5,0.7268216418311906,0.001
2.0,0.0069910116222849225,0.0072815627847357765,0.9819231063211802,0.9822249463683727,0.5010169053294022,0.6701268223142719,0.001
