epoch,loss,loss_val,train_acc,val_acc,train_roc,val_roc,lr
0.0,0.004766803997691881,0.004730232501991736,0.982070494686138,0.9813284358738904,0.5041453908411521,0.8566598790040941,0.001
1.0,0.004573302131538688,0.004587718895045692,0.9821851823533909,0.9814814814814815,0.501036347710288,0.8665498973791385,0.001
2.0,0.004449957941571352,0.004681790804648019,0.9819558070188852,0.9814814814814815,0.5009195843895392,0.8610293248514416,0.001
3.0,0.00440034081782125,0.0045675533858554355,0.9822616407982262,0.9820936639118457,0.5052985018721889,0.866296031635164,0.001
4.0,0.00432803463362048,0.004856165022197153,0.9821087239085557,0.9819406183042547,0.5041648513946102,0.8465777823148257,0.001
5.0,0.004004240033910121,0.004572732119905749,0.9821087239085557,0.9823997551270278,0.5041648513946102,0.864422260667734,0.0003
6.0,0.00394557964867463,0.0045967477989511465,0.9822234115758085,0.9822467095194368,0.5095022743737154,0.8648359678060628,0.0003
