epoch,loss,loss_val,train_acc,val_acc,train_roc,val_roc,lr
0.0,0.0013913082344218129,0.0013760142008796006,0.9792248536557371,0.9826086956521739,0.5000235393064533,0.7878503915743991,0.001
1.0,0.0011741346292126155,0.001487879468871154,0.981176110494701,0.9826086956521739,0.49996104705515737,0.7517836889008913,0.001
2.0,0.0011465772766382325,0.0012142280061266787,0.9812143704327199,0.9824561403508771,0.5010363158723617,0.8315122873345936,0.001
