epoch,loss,loss_val,train_acc,val_acc,train_roc,val_roc,lr
0.0,0.0022315912903519723,0.0028168890327349536,0.9813059102377858,0.9822467095194368,0.5029603214758309,0.8682033827274582,0.001
