epoch,loss,loss_val,train_acc,val_acc,train_roc,val_roc,lr
0.0,0.0022315912903519723,0.0028168890327349536,0.9813059102377858,0.9822467095194368,0.5029603214758309,0.8682033827274582,0.001
1.0,0.0021325940368363086,0.002507248766648885,0.9817264316843796,0.9820936639118457,0.5074068848758465,0.8615880981291841,0.001
2.0,0.0020751257750176288,0.0029599294176359124,0.9816117440171267,0.9814814814814815,0.5094647583093329,0.8107746531844704,0.001
3.0,0.0021110990764863745,0.0024006447652282145,0.9815352855722914,0.9805632078359351,0.5073095858955399,0.8725916334447299,0.001
4.0,0.002077025094811736,0.0024189331150722905,0.9814205979050387,0.9784205693296603,0.5051349536856854,0.8643685324679512,0.001
5.0,0.0020262981886274146,0.0026252201559774082,0.9815352855722914,0.9807162534435262,0.5041352066630341,0.8603886160690299,0.001
6.0,0.001989371959479348,0.002423425993643659,0.9815352855722914,0.9820936639118457,0.513658344360551,0.862334920106167,0.001
7.0,0.001775807119250555,0.002568201362129009,0.9821851823533909,0.9813284358738904,0.5288029306452868,0.8502138382351362,0.0003
8.0,0.0016933169245255068,0.002548961422927921,0.9823380992430614,0.9797979797979798,0.54263641317039,0.8601696736549145,0.0003
