epoch,loss,loss_val,train_acc,val_acc,train_roc,val_roc,lr
0.0,0.002158794838516683,0.001995944450350685,0.9797628156082632,0.9806166056166056,0.5045700466288121,0.9248783780887679,0.001
1.0,0.002058251855101126,0.0023675836325884356,0.9812547819433818,0.981074481074481,0.5095619617944572,0.9102060607359466,0.001
2.0,0.0020149301231803846,0.0019056415471040231,0.9811400153022188,0.9818376068376068,0.5095035414797664,0.9307331068772637,0.001
3.0,0.0019540800752728188,0.002220301101835938,0.9811017597551644,0.9797008547008547,0.5126584063475351,0.9207702899637813,0.001
4.0,0.0019554129757511545,0.002045158398740212,0.9814843152257078,0.9816849816849816,0.5297829450284983,0.9166930091511112,0.001
5.0,0.001903954341077027,0.0023073490863078604,0.9812547819433818,0.9816849816849816,0.5201430894811202,0.9079932920426053,0.001
6.0,0.0016906573178493165,0.0021089373451695405,0.981981637337414,0.9816849816849816,0.5564889189421491,0.9219972246629948,0.0003
7.0,0.0015957788575843958,0.00244134812390266,0.9827850038255547,0.9818376068376068,0.5812344548243092,0.895206917982898,0.0003
