epoch,loss,loss_val,train_acc,val_acc,train_roc,val_roc,lr
0.0,0.0020698123907535683,0.002076364589868655,0.9815486877793482,0.982808902532617,0.5292324490970285,0.9019337612019119,0.001
1.0,0.001977063540948338,0.002038141612230828,0.9823509187454635,0.9821949347659248,0.5201384149319844,0.9137675067763821,0.001
2.0,0.0018974368251064905,0.0020413516248531313,0.9825801275929251,0.9823484267075978,0.5276458504794214,0.9133148498418395,0.001
3.0,0.001858598543207216,0.0025445809675482796,0.982618329067502,0.9821949347659248,0.5318885872292591,0.8781302035339573,0.001
4.0,0.0017898988196291233,0.002192165383087015,0.9826565305420789,0.9820414428242518,0.5329638560464635,0.9129187750241149,0.001
5.0,0.0016375949298230402,0.0021573037101550517,0.9831913511861557,0.9818879508825786,0.5564642006410128,0.9101206546281477,0.0003
6.0,0.0014941265197053028,0.002111276580451066,0.9837643733048096,0.9820414428242518,0.592653863139089,0.9093285049926982,0.0003
