epoch,loss,loss_val,train_acc,val_acc,train_roc,val_roc,lr
0.0,0.00476710161655324,0.004153906408052321,0.981981637337414,0.9822954822954822,0.5019947440608936,0.8987644928312725,0.001
1.0,0.004575673054370034,0.004232126241706207,0.9820581484315226,0.9822954822954822,0.5020336924542723,0.8932298922011958,0.001
2.0,0.004498644472235584,0.0043233246906400095,0.9819433817903596,0.9821428571428571,0.5009194752436892,0.8769355028824928,0.001
3.0,0.0044918674312324595,0.004421784695731397,0.981981637337414,0.9824481074481074,0.4998831548198637,0.8661475857782731,0.001
4.0,0.004169232731484811,0.00431892090103639,0.9822876817138485,0.9822954822954822,0.5021505376344086,0.8864750541137137,0.0003
5.0,0.00401527681226743,0.004361785297331506,0.9822494261667942,0.9821428571428571,0.5052984472992639,0.8921985169627741,0.0003
