epoch,loss,loss_val,train_acc,val_acc,train_roc,val_roc,lr
0.0,0.004950552857195913,0.005242453130414777,0.9816499732395443,0.9822467095194368,0.4997080916981279,0.8313753881862433,0.001
1.0,0.004586825894290982,0.00470913827601298,0.9821469531309733,0.9825528007346189,0.5020726954205761,0.8449941436262236,0.001
2.0,0.004531288872988947,0.004717515419554598,0.9822234115758085,0.982858891949801,0.5042232330549846,0.8559251458720624,0.001
3.0,0.004498741569299279,0.004909565067431856,0.9822234115758085,0.9823997551270278,0.5010558082637462,0.82902477944574,0.001
4.0,0.004457411688882657,0.004762570667442619,0.9821469531309733,0.9822467095194368,0.5041843119480683,0.8363533058961327,0.001
5.0,0.004383166230130617,0.00470515122303051,0.982070494686138,0.9823997551270278,0.5020337743136598,0.8481909715133085,0.001
6.0,0.004060371433486828,0.004942392974752416,0.9821851823533909,0.9817875726966636,0.5063153890290188,0.8260562964077326,0.0003
7.0,0.00391213644484061,0.0049990254735393395,0.9823380992430614,0.9820936639118457,0.5137838890890746,0.8208406314138037,0.0003
