epoch,loss,loss_val,train_acc,val_acc,train_roc,val_roc,lr
0.0,0.00492482211547496,0.004497150600654116,0.9814821899988522,0.9821510297482837,0.5019019881345893,0.8770627391317047,0.001
1.0,0.0047182498532345775,0.0043854000124637065,0.9817500095649845,0.9823035850495805,0.49992209714486036,0.8759342897273932,0.001
2.0,0.004622197908509912,0.004688234802926546,0.9817500095649845,0.9821510297482837,0.49992209714486036,0.8602528257700671,0.001
3.0,0.0046089369522153735,0.004457860898537651,0.9818265294410223,0.9824561403508771,0.4999610485724302,0.8804852597956045,0.001
4.0,0.00452552096512266,0.004552597380179307,0.9817882695030034,0.9823035850495805,0.49994157285864527,0.8679621265828162,0.001
5.0,0.00452042560455272,0.004749152395472181,0.9816734896889467,0.9821510297482837,0.5051736981828487,0.8572126503160986,0.001
6.0,0.004480150148919099,0.0046698553637462194,0.9818647893790412,0.9823035850495805,0.5010386347793268,0.8603683258855673,0.001
7.0,0.0041130104549255515,0.004345815646739905,0.9816352297509278,0.9823035850495805,0.5030380014828405,0.8788881719916202,0.0003
8.0,0.004067250917339517,0.004383122710234747,0.9817882695030034,0.9821510297482837,0.5041740148310918,0.877401273952998,0.0003
