epoch,loss,loss_val,train_acc,val_acc,train_roc,val_roc,lr
0.0,0.0011501392415538914,0.0012516126715537374,0.9803119504549277,0.9822467095194368,0.5043060136458237,0.8698474656408162,0.001
1.0,0.0010780379909327605,0.0011545315600520003,0.9819940362413029,0.9822467095194368,0.5072738945254743,0.8766964679081463,0.001
2.0,0.001064271068536426,0.0012532958202049783,0.982070494686138,0.9822467095194368,0.5052011991048982,0.85472029099193,0.001
3.0,0.0010328818924661824,0.0011519276702020831,0.9818028901292147,0.9819406183042547,0.5018975504394528,0.8794419789170544,0.001
4.0,0.00102144552372531,0.0011617375869431652,0.9819558070188852,0.9817875726966636,0.5040870091807776,0.8690522882840288,0.001
5.0,0.001010956957817228,0.0012853141116288516,0.9819940362413029,0.9822467095194368,0.5041064697342358,0.8526101159454551,0.001
6.0,0.000976290587257924,0.001199976309482835,0.9819175777964676,0.9816345270890725,0.5093465899460503,0.8648964120308185,0.001
7.0,0.0008655610758744586,0.00140313211149951,0.9819175777964676,0.9816345270890725,0.5262395221659888,0.8623362633111615,0.0003
8.0,0.0008211678123070688,0.0012765524046079034,0.9829879960241609,0.9811753902662994,0.5531796242564708,0.8746709147763295,0.0003
