epoch,loss,loss_val,train_acc,val_acc,train_roc,val_roc,lr
0.0,0.0013740583319811401,0.0012297909210792707,0.9815104863047713,0.9821949347659248,0.49964996888612323,0.7941865916549461,0.001
1.0,0.0012104849568349899,0.0012174241846614586,0.9821981128471559,0.9821949347659248,0.5,0.8013577013649763,0.001
2.0,0.001197439313612848,0.0018083038489696665,0.9821217098980021,0.9821949347659248,0.4999611076540137,0.7066702232568667,0.001
