epoch,loss,loss_val,train_acc,val_acc,train_roc,val_roc,lr
0.0,0.0010729757158082854,0.0009946971652706374,0.9808722264728386,0.9816849816849816,0.5098763493210205,0.9252065429373566,0.001
1.0,0.0009942886524519497,0.0009694473896976174,0.9819433817903596,0.9819902319902319,0.5104216268283234,0.9277769443432416,0.001
2.0,0.0009823521000886081,0.000995136087777955,0.9817903596021423,0.9818376068376068,0.5187900870056852,0.9308174921240437,0.001
3.0,0.0009594778013868113,0.0012188634656402947,0.981866870696251,0.9816849816849816,0.5209406246400937,0.913893562075395,0.001
4.0,0.0009360955760891919,0.0010382521271981955,0.9823259372609028,0.9821428571428571,0.5243416988619112,0.9243345620539638,0.001
5.0,0.0009284076349654427,0.0010265931303007926,0.9822494261667942,0.9815323565323565,0.5274701343300772,0.9156093954265876,0.001
6.0,0.0007737023783163627,0.001266857548475394,0.9840474368783474,0.9827533577533577,0.5853983310822838,0.9185802918925869,0.0003
7.0,0.000730055990036044,0.001159640077508074,0.9848508033664881,0.9816849816849816,0.6269832794128425,0.9188856861190288,0.0003
