epoch,loss,loss_val,train_acc,val_acc,train_roc,val_roc,lr
0.0,0.01051791195261647,0.010522190080977182,0.9820322654637205,0.9819406183042547,0.4999026972327093,0.8294431878015496,0.001
1.0,0.010105869242122008,0.01003871298802159,0.9822234115758085,0.9820936639118457,0.5,0.8285936106424818,0.001
2.0,0.00995493258631944,0.01030281475127262,0.9821851823533909,0.9817875726966636,0.501036347710288,0.8270368360537711,0.001
3.0,0.009872994398352427,0.00950835175469947,0.9821469531309733,0.9822467095194368,0.4999610788930837,0.8423359409419627,0.001
4.0,0.009704895193444293,0.009681791436725134,0.9821851823533909,0.9817875726966636,0.501036347710288,0.8408637882679103,0.001
5.0,0.009704199514119613,0.00971505625857011,0.9821469531309733,0.9819406183042547,0.4999610788930837,0.8346366899130678,0.001
6.0,0.00961091310028153,0.009672115297304175,0.9822616407982262,0.9819406183042547,0.5021310770809505,0.8206995948893737,0.001
7.0,0.008973322064019138,0.009363678125775769,0.9821851823533909,0.9822467095194368,0.501036347710288,0.8409296053126444,0.0003
8.0,0.008822815633286069,0.009526744550930688,0.9822616407982262,0.9811753902662994,0.5010752688172043,0.8399517520765951,0.0003
