epoch,loss,loss_val,train_acc,val_acc,train_roc,val_roc,lr
0.0,0.010134986594020222,0.008615483156482076,0.9820964039785769,0.9822954822954822,0.5020531666509618,0.8893240607788089,0.001
1.0,0.010086178508682854,0.008836600588194961,0.9821729150726856,0.9822954822954822,0.5010363204238255,0.8722059107177299,0.001
2.0,0.00992655407615491,0.009015743461741995,0.9820964039785769,0.9822954822954822,0.49994157740993184,0.8636133494781509,0.001
3.0,0.009811788469537919,0.009121047368169943,0.9820198928844682,0.9818376068376068,0.5020142182575829,0.862549827479051,0.001
4.0,0.009301826901929475,0.00876824223810323,0.9822876817138485,0.9818376068376068,0.5021505376344086,0.8795541244293951,0.0003
5.0,0.009087883396687516,0.008708629236424112,0.9820198928844682,0.9812271062271062,0.4999026290165531,0.8876336769464863,0.0003
