epoch,loss,loss_val,train_acc,val_acc,train_roc,val_roc,lr
0.0,0.0027828464812794562,0.0024241220254365725,0.9799938795807512,0.982442748091603,0.49945476496475444,0.8323097192662411,0.001
