epoch,loss,loss_val,train_acc,val_acc,train_roc,val_roc,lr
0.0,0.006668088101206419,0.0060530060307581604,0.9819433817903596,0.9795482295482295,0.49986368062317427,0.8976715029682175,0.001
