epoch,loss,loss_val,train_acc,val_acc,train_roc,val_roc,lr
0.0,0.006804281441263664,0.006173233275762088,0.9817500095649845,0.9821510297482837,0.5008244019276927,0.8595545147269286,0.001
1.0,0.006481973641252292,0.006238470009386377,0.9820560890691357,0.9821510297482837,0.49992209714486036,0.8650308133066753,0.001
2.0,0.006403664396301481,0.006038473977969816,0.9822091288212114,0.9821510297482837,0.5010581104931117,0.8737278392450805,0.001
3.0,0.006385622882960544,0.006170138852187012,0.9821326089451735,0.9821510297482837,0.4999610485724302,0.8546981995257857,0.001
4.0,0.006274140545154344,0.005940497990873089,0.9822473887592302,0.9823035850495805,0.5021356967000082,0.8713209230450609,0.001
