epoch,loss,loss_val,train_acc,val_acc,train_roc,val_roc,lr
0.0,0.006668088101206419,0.0060530060307581604,0.9819433817903596,0.9795482295482295,0.49986368062317427,0.8976715029682175,0.001
1.0,0.006414259880614255,0.005724863418729314,0.9820964039785769,0.9816849816849816,0.5009973720304468,0.8953904224084354,0.001
2.0,0.0062793837729359595,0.006260478495385939,0.9820198928844682,0.9813797313797313,0.4999026290165531,0.8580466020873962,0.001
3.0,0.006149887521246194,0.005864968726008344,0.9822111706197398,0.9816849816849816,0.5031673838615447,0.8827420115299717,0.001
4.0,0.0057862802770885895,0.0056114203415078175,0.981981637337414,0.9809218559218559,0.5030505386814084,0.8937603137523843,0.0003
5.0,0.005692309690021226,0.005575229503091121,0.9820581484315226,0.9815323565323565,0.506256870936332,0.8976648057264096,0.0003
