epoch,loss,loss_val,train_acc,val_acc,train_roc,val_roc,lr
0.0,0.004588554071504484,0.004751391852628758,0.9809869931140015,0.9787851037851037,0.5027653961031635,0.8813811319945993,0.001
1.0,0.004490059341340345,0.004377349364893654,0.9816755929609794,0.9813797313797313,0.5009996924539756,0.8966227149010951,0.001
2.0,0.004490369433101036,0.004119610056951721,0.9816755929609794,0.9821428571428571,0.5020578052226419,0.9068286416922056,0.001
3.0,0.004352725992337662,0.00429637704685078,0.9817138485080337,0.9818376068376068,0.5020772786608722,0.891881067701078,0.001
4.0,0.004287744273503568,0.004316023647585049,0.9817903596021423,0.9816849816849816,0.5074067893806642,0.8918676732174622,0.001
5.0,0.004254016346710021,0.004411392371094602,0.9817903596021423,0.9821428571428571,0.5084649021493303,0.9001843080945543,0.001
6.0,0.003907654371113297,0.004191329223232461,0.9817903596021423,0.9806166056166056,0.510581127686663,0.9067663573433917,0.0003
7.0,0.0038087311557080104,0.004164542950073175,0.9820581484315226,0.9812271062271062,0.525531020515603,0.9002258309937635,0.0003
