epoch,loss,loss_val,train_acc,val_acc,train_roc,val_roc,lr
0.0,0.004615589967718668,0.004509662477555453,0.9816250907285021,0.9815809669992326,0.5070990659145808,0.8765445570698008,0.001
1.0,0.004404087572702907,0.004117732492818034,0.9823127172708866,0.9818879508825786,0.5095607423168798,0.9046712579012884,0.001
2.0,0.004242626758206468,0.004134102927339324,0.982159911372579,0.9820414428242518,0.5063154896922737,0.8961421773876306,0.001
3.0,0.004267314672239548,0.004337812038045591,0.9820835084234252,0.9815809669992326,0.5041649520578652,0.8803396004763675,0.001
4.0,0.004149350107628587,0.004357608311262099,0.9822745157963098,0.9818879508825786,0.5148204093649423,0.8724666030791449,0.001
5.0,0.003906671721945769,0.004076194371445589,0.9825037246437712,0.9820414428242518,0.5181045543355347,0.8974166222092892,0.0003
6.0,0.00378916034929014,0.00403471061524221,0.9826947320166558,0.9821949347659248,0.5255925437099785,0.9026625927542559,0.0003
