epoch,loss,loss_val,train_acc,val_acc,train_roc,val_roc,lr
0.0,0.004724377769151043,0.0050555905288003815,0.9811912225705329,0.977808386899296,0.5029019420876468,0.8475220554260109,0.001
1.0,0.004475119641774948,0.004687342580301242,0.9818028901292147,0.9797979797979798,0.5074458044679693,0.8577022060798831,0.001
2.0,0.004398060702267766,0.004584623669421461,0.981688202461962,0.9814814814814815,0.5042130458472796,0.8694310720924985,0.001
3.0,0.0044225779557460695,0.0045569068140042124,0.9818028901292147,0.9819406183042547,0.5032132988246283,0.8586612544460085,0.001
4.0,0.004289025267248339,0.004740786639097502,0.9814205979050387,0.9796449341903888,0.5030187008640149,0.8659656032064988,0.001
5.0,0.004343868599109701,0.004592589462087023,0.9815735147947091,0.9822467095194368,0.5041546664590955,0.8562636335306949,0.001
6.0,0.003979830213780625,0.004706379934744998,0.9814588271274562,0.9790327517600245,0.506212539892582,0.8677762435391839,0.0003
7.0,0.0038433120006010945,0.00491470552433281,0.9816117440171267,0.977808386899296,0.5168716431851794,0.8690952708438552,0.0003
