epoch,loss,loss_val,train_acc,val_acc,train_roc,val_roc,lr
0.0,0.00569663830740448,0.005689956560289781,0.9809221593515828,0.9822521419828641,0.4995523898489802,0.7789639058975186,0.001
1.0,0.005178941752046037,0.005389194776255049,0.9817632665545191,0.9822521419828641,0.4999805386890861,0.8057874100333011,0.001
2.0,0.0050388472562853314,0.005203595807441856,0.981801498700107,0.9822521419828641,0.5021162497919653,0.763117681813299,0.001
3.0,0.004950957483529608,0.0048487241293139515,0.9817632665545191,0.9822521419828641,0.5010386635850688,0.8219424750241702,0.001
4.0,0.004810184648983178,0.004915598377236593,0.9817632665545191,0.9822521419828641,0.4999805386890861,0.8253638951552261,0.001
5.0,0.0047932925950823395,0.004852512497587398,0.9817632665545191,0.9822521419828641,0.4999805386890861,0.8233510581158019,0.001
6.0,0.004781562729058899,0.004841756244045266,0.981801498700107,0.9822521419828641,0.5,0.8183411214953272,0.001
7.0,0.004654616597915385,0.004828985409501648,0.981725034408931,0.9822521419828641,0.4999610773781722,0.8374449457514234,0.001
8.0,0.004622911096818623,0.004721797243241709,0.9818397308456951,0.9822521419828641,0.5031938359988618,0.8427650660650983,0.001
