epoch,loss,loss_val,train_acc,val_acc,train_roc,val_roc,lr
0.0,0.011500225960209427,0.010901772223553772,0.981877962991283,0.9822521419828641,0.4998248413841423,0.7286711784294769,0.001
1.0,0.011137355691660885,0.010626659365340947,0.9821838201559872,0.9822521419828641,0.4999805379315714,0.7787114620259965,0.001
2.0,0.010622000573506913,0.01166617483395919,0.9821838201559872,0.981640146878825,0.5010363446803471,0.7367426683854336,0.001
3.0,0.01041869723044873,0.010213800700251874,0.9820691237192232,0.9822521419828641,0.49992215172628546,0.8087630250295413,0.001
4.0,0.010230138656842303,0.01097478217502306,0.9821838201559872,0.9820991432068543,0.4999805379315714,0.7888535288430552,0.001
5.0,0.010092651469851055,0.010170829306863022,0.9822220523015751,0.9822521419828641,0.5,0.7879901170909873,0.001
6.0,0.0101497753712657,0.010691837697760675,0.9822220523015751,0.9822521419828641,0.5,0.7690178859168547,0.001
7.0,0.009557399595079973,0.009896678528995319,0.9822220523015751,0.9822521419828641,0.5,0.8059445160597272,0.0003
8.0,0.009396115347716614,0.009880655122406976,0.9822220523015751,0.9822521419828641,0.5,0.8056826726823504,0.0003
