epoch,loss,loss_val,train_acc,val_acc,train_roc,val_roc,lr
0.0,0.01017600178040341,0.008993781486941759,0.9820964039785769,0.9812271062271062,0.49994157740993184,0.8728903688305009,0.001
1.0,0.009804708205894696,0.008893354251624429,0.9821729150726856,0.9822954822954822,0.4999805258033106,0.874095872355929,0.001
2.0,0.00971963084029841,0.008870569293524972,0.9821729150726856,0.9821428571428571,0.4999805258033106,0.8686778037333105,0.001
3.0,0.009521710390615449,0.008492875694296827,0.9821729150726856,0.9821428571428571,0.5010363204238255,0.8909903345406228,0.001
4.0,0.009363906121890453,0.00867020139869124,0.9821346595256312,0.9815323565323565,0.49996105160662124,0.8817025996013801,0.001
5.0,0.009409968113193267,0.008854439159143393,0.9822111706197398,0.9816849816849816,0.501055794620515,0.8775844656136816,0.001
6.0,0.009365370030230405,0.008787417413126131,0.9822111706197398,0.9822954822954822,0.501055794620515,0.8749022202696042,0.001
7.0,0.008708430921265893,0.008590497304087168,0.9820198928844682,0.9821428571428571,0.5020142182575829,0.886918411521399,0.0003
8.0,0.008537205077265799,0.008632752937439576,0.9821346595256312,0.9816849816849816,0.5052400247091957,0.882231681704207,0.0003
