epoch,loss,loss_val,train_acc,val_acc,train_roc,val_roc,lr
0.0,0.0010745399021890444,0.0012937311824726568,0.9806022114244175,0.9821510297482837,0.5049399896174298,0.8876675083571636,0.001
1.0,0.0010161348822918482,0.0010198903359575047,0.981176110494701,0.9821510297482837,0.5031159043379801,0.9140718968305175,0.001
2.0,0.0009934129573444127,0.0010528298968649566,0.9810613306806443,0.9818459191456903,0.5030574771966254,0.906981251808838,0.001
3.0,0.0009784614598169663,0.0010815971804474438,0.9810613306806443,0.9821510297482837,0.5041155876897371,0.8991803474562096,0.001
4.0,0.0009625104034911231,0.0011038414955644958,0.9814821899988522,0.9821510297482837,0.5149109254724875,0.9062962166410443,0.001
5.0,0.0008618224692771912,0.0011646882409953052,0.9812526303707388,0.9827612509534707,0.529607618093341,0.9054385950937676,0.0003
6.0,0.0007885627999577375,0.001182397784776048,0.9821326089451735,0.9830663615560641,0.5660313162761897,0.9011757115205392,0.0003
