epoch,loss,loss_val,train_acc,val_acc,train_roc,val_roc,lr
0.0,0.004969962659699501,0.005455886722930005,0.9816117440171267,0.9822467095194368,0.5028560559359082,0.8276090413814594,0.001
1.0,0.004731759307457959,0.0047015459119412965,0.9821087239085557,0.9822467095194368,0.4999416183396256,0.8599937138006254,0.001
2.0,0.004658243096102483,0.004809532712068594,0.9822616407982262,0.9822467095194368,0.5031868853446966,0.8532441087028938,0.001
3.0,0.004586224858633588,0.004709669626044252,0.9822616407982262,0.9822467095194368,0.5021310770809505,0.8444367135534756,0.001
4.0,0.004572128120206168,0.004947536505470414,0.9822616407982262,0.9822467095194368,0.5021310770809505,0.8338562878112206,0.001
5.0,0.0042619022117562095,0.004816447557657125,0.9821469531309733,0.9822467095194368,0.4999610788930837,0.8398644437519476,0.0003
6.0,0.004174735826445924,0.004749793719958481,0.9821087239085557,0.9822467095194368,0.503109043130864,0.8480620238338296,0.0003
