epoch,loss,loss_val,train_acc,val_acc,train_roc,val_roc,lr
0.0,0.005575857648360061,0.005274407413816015,0.9817396951522329,0.9821949347659248,0.49976664592408215,0.7701378448141143,0.001
1.0,0.00531098988287917,0.005262241158948916,0.9821981128471559,0.9821949347659248,0.5,0.7515317587338538,0.001
2.0,0.005134005468384374,0.005378184445682665,0.982159911372579,0.9821949347659248,0.49998055382700685,0.756294086899354,0.001
