epoch,loss,loss_val,train_acc,val_acc,train_roc,val_roc,lr
0.0,0.0009266991946559796,0.0009577329542319562,0.9811782708492731,0.9798534798534798,0.5659892577818262,0.9465787809948352,0.001
1.0,0.0008627138157035263,0.0010946082061848016,0.9825554705432288,0.9795482295482295,0.55507658803698,0.9060283212961575,0.001
2.0,0.0008604574098993541,0.0010215110518706346,0.9831675592960979,0.9815323565323565,0.5733366837327639,0.9288833286899123,0.001
3.0,0.0008373338922960848,0.0012800638960359628,0.982938026013772,0.9813797313797313,0.5827219901372617,0.9308764278519533,0.001
4.0,0.0006403370821839961,0.0012139860684686175,0.9858454475899006,0.9826007326007326,0.6760561610704526,0.9412678682411436,0.0003
5.0,0.0005424985346480899,0.0013279580755610261,0.987681713848508,0.9824481074481074,0.7329480373988336,0.9361484966031589,0.0003
