epoch,loss,loss_val,train_acc,val_acc,train_roc,val_roc,lr
0.0,0.002372944624396629,0.002329718050441096,0.9803343918582852,0.9821510297482837,0.5005712176484889,0.8856535580673511,0.001
1.0,0.0022389565674275163,0.0026185187162521694,0.9810230707426254,0.9821510297482837,0.5009217804966173,0.8723418378590794,0.001
2.0,0.0022145517206204105,0.0027922718838982504,0.9810995906186633,0.9821510297482837,0.5009607319241871,0.845879035534208,0.001
3.0,0.002262106452842895,0.0024112930428307764,0.9812143704327199,0.9821510297482837,0.5010191590655418,0.865863210690797,0.001
4.0,0.0020513476730816874,0.002299778686298596,0.981176110494701,0.9821510297482837,0.49994157285864527,0.8834046247839351,0.0003
5.0,0.002023708571055576,0.0024022072447963984,0.9812143704327199,0.9821510297482837,0.5010191590655418,0.8772247048109117,0.0003
